ADDRESS,ADD,ADDMOD,ADDRESS,AND,BALANCE,BLOCKHASH,BYTE,CALL,CALLCODE,CALLDATACOPY,CALLDATALOAD,CALLDATASIZE,CALLER,CALLVALUE,CODECOPY,CODESIZE,COINBASE,CREATE,CREATE2,DELEGATECALL,DIFFICULTY,DIV,DUP1,DUP10,DUP11,DUP12,DUP13,DUP14,DUP15,DUP16,DUP2,DUP3,DUP4,DUP5,DUP6,DUP7,DUP8,DUP9,EQ,EXP,EXTCODECOPY,EXTCODEHASH,EXTCODESIZE,GAS,GASLIMIT,GASPRICE,GETPC,GT,INVALID,ISZERO,JUMP,JUMPDEST,JUMPI,LOG0,LOG1,LOG2,LOG3,LOG4,LT,MLOAD,MOD,MSIZE,MSTORE,MSTORE8,MUL,MULMOD,NOT,NUMBER,OR,ORIGIN,POP,PUSH1,PUSH10,PUSH11,PUSH12,PUSH13,PUSH14,PUSH15,PUSH16,PUSH17,PUSH18,PUSH19,PUSH2,PUSH20,PUSH21,PUSH22,PUSH23,PUSH24,PUSH25,PUSH26,PUSH27,PUSH28,PUSH29,PUSH3,PUSH30,PUSH31,PUSH32,PUSH4,PUSH5,PUSH6,PUSH7,PUSH8,PUSH9,RETURN,RETURNDATACOPY,RETURNDATASIZE,REVERT,SAR,SDIV,SELFDESTRUCT,SGT,SHA3,SHL,SHR,SIGNEXTEND,SLOAD,SLT,SMOD,SSTORE,STATICCALL,STOP,SUB,SWAP1,SWAP10,SWAP11,SWAP12,SWAP13,SWAP14,SWAP15,SWAP16,SWAP2,SWAP3,SWAP4,SWAP5,SWAP6,SWAP7,SWAP8,SWAP9,TIMESTAMP,XOR
0x240ead1260fb21f023f447e305a1952a315057a1,248,0,4,156,0,0,0,0,0,0,18,11,4,2,14,0,0,0,0,0,0,27,294,1,1,1,0,0,0,0,254,112,59,22,10,0,1,0,30,31,0,0,0,0,3,5,0,8,3,91,135,208,79,0,2,3,6,0,19,121,0,0,181,0,30,0,14,3,14,4,291,662,0,0,0,2,0,0,1,0,0,6,265,109,2,2,0,0,0,0,1,0,0,43,0,0,48,34,2,3,0,0,1,16,0,0,39,0,0,0,0,33,9,10,0,46,0,0,19,0,6,101,328,0,0,0,0,0,0,0,173,44,3,0,0,0,0,0,0,0
0xbfacc103f7128a602afd93639bc3d9849caa4589,36,0,0,61,0,1,0,8,0,0,8,6,8,2,2,1,0,1,0,0,0,4,148,0,1,0,0,0,0,0,60,25,22,3,7,5,12,0,19,4,0,0,14,12,0,1,0,3,25,71,26,72,62,0,0,1,1,0,12,42,0,0,23,3,0,0,10,0,8,0,78,324,0,0,0,0,0,1,1,0,0,1,102,0,0,0,0,0,0,0,0,0,0,0,1,0,0,39,1,0,0,0,0,2,13,28,42,0,0,0,0,1,61,1,0,26,1,0,9,4,17,69,79,0,0,0,0,0,0,0,48,34,6,3,1,1,0,0,0,0
0x0c51e4552F70bd486B80D666F48E471C479d8587,85,0,0,62,0,0,0,0,0,0,11,1,9,10,1,0,0,0,0,0,0,1,96,0,0,0,0,0,0,0,92,37,14,6,5,3,4,0,9,2,0,0,0,0,0,0,1,0,2,37,22,52,30,0,1,0,4,0,9,36,0,0,67,0,0,0,2,0,0,0,97,204,0,0,1,0,0,0,0,0,0,0,56,55,0,0,0,0,0,0,0,1,1,0,0,0,7,10,0,1,0,0,0,10,0,0,11,0,0,0,0,21,0,0,0,17,0,0,8,0,3,24,92,0,0,0,0,0,0,0,44,11,1,0,1,0,0,0,0,0
0xc708db6a437fb168beee47976283bee2cca533ee,67,1,2,15,2,0,1,2,0,4,10,3,6,3,2,1,0,0,0,0,0,10,64,1,0,1,0,0,0,1,54,36,28,27,10,0,0,4,8,2,1,0,1,0,1,0,1,4,19,31,21,42,29,0,1,1,2,0,8,35,0,1,33,0,13,1,7,0,3,1,67,122,0,0,0,4,0,0,0,0,0,0,65,0,0,0,0,0,0,1,1,0,1,0,0,0,0,6,0,1,0,1,0,2,2,4,8,0,0,0,0,13,0,1,0,10,0,0,9,0,61,15,69,2,1,0,0,1,0,0,37,16,14,11,2,2,4,1,1,0
0xb4cb022edc0c379b6e50561658fe5b25152bd943,46,0,0,0,0,0,0,0,0,2,54,3,18,19,9,0,0,0,0,0,0,1,99,0,0,0,0,0,0,0,47,40,14,1,8,0,0,0,30,2,0,0,0,0,0,0,3,6,3,61,11,106,91,1,0,2,6,0,26,84,4,0,110,0,10,0,0,0,3,0,98,456,0,0,0,0,0,0,2,1,0,0,197,0,4,0,0,0,0,0,0,0,0,0,0,0,12,21,0,0,0,0,0,15,0,0,63,0,1,0,0,28,0,0,0,32,0,0,20,0,280,18,27,0,0,0,0,0,0,0,0,0,0,0,0,0,0,0,0,9
0x89ffd3fe894FD3F7f89EB814712344596220c4c0,300,0,3,146,0,0,2,2,0,4,24,5,5,2,3,1,0,1,0,0,0,20,364,14,10,7,2,6,9,0,310,116,82,36,18,17,7,11,23,23,0,0,14,14,0,0,0,25,53,107,35,144,110,0,0,0,2,1,27,153,2,0,190,0,22,0,15,2,11,0,432,675,2,1,0,0,0,1,0,0,0,1,153,120,0,0,0,0,0,0,1,0,0,25,0,0,48,34,7,1,0,0,0,9,13,37,78,1,0,0,0,7,21,5,0,24,0,1,12,11,49,92,281,0,1,0,0,1,0,0,128,55,13,6,5,1,2,0,0,1
0x1e614152fda2021cf00b62e402227407920225cf,37,0,0,61,0,1,0,8,0,0,8,6,9,2,2,1,0,1,0,0,0,4,148,0,1,0,0,0,0,0,60,25,22,3,7,5,12,0,19,4,0,0,14,12,0,1,0,2,27,71,26,72,62,0,0,1,1,0,12,42,1,0,23,4,0,0,10,0,8,0,78,324,0,0,0,0,0,1,0,0,0,1,102,0,0,0,0,0,0,1,0,0,0,0,0,0,0,39,2,0,0,0,0,2,14,28,42,0,0,0,0,1,61,1,0,26,1,0,9,4,27,69,79,0,0,0,0,0,0,0,47,34,6,3,1,1,0,0,0,0
0xfaa2919ac89975ca7fb2b8326e9393f56de5f28b,677,1,1,227,0,1,0,20,0,0,3,15,13,2,7,2,0,0,0,0,0,3,452,7,2,3,0,0,0,0,657,347,176,90,60,39,32,9,52,25,0,0,22,22,0,0,0,25,43,122,507,597,209,0,1,3,5,0,30,284,4,0,411,0,91,1,58,1,37,0,475,2034,1,0,1,1,1,1,1,1,3,5,1034,10,1,2,0,0,0,0,0,0,0,60,0,0,50,123,2,3,1,0,1,2,22,65,54,0,2,0,0,31,252,2,0,267,5,2,146,2,4,197,633,0,0,0,0,1,0,0,275,159,37,18,15,1,2,0,9,0
0x83eb94cb563146a42fe0a8b3d051f2387a7fb81f,0,0,0,0,0,0,0,0,0,0,0,0,0,0,0,0,0,0,0,0,0,0,0,0,0,0,0,0,0,0,0,0,0,0,0,0,0,0,0,0,0,0,0,0,0,0,0,0,0,0,0,0,0,0,0,0,0,0,0,0,0,0,0,0,0,0,0,0,0,0,0,0,0,0,0,0,0,0,0,0,0,0,0,0,0,0,0,0,0,0,0,0,0,0,0,0,0,0,0,0,0,0,0,0,0,0,0,0,0,0,0,0,0,0,0,0,0,0,0,0,0,0,0,0,0,0,0,0,0,0,0,0,0,0,0,0,0,0,0,0
0x108F26a34f2FE3fEf296d43B4E8Be8010cA74174,47,0,0,39,0,0,0,0,0,0,11,1,4,10,1,0,0,0,0,0,0,11,77,0,0,0,0,0,0,0,62,30,24,12,6,0,2,0,10,15,0,0,0,0,0,0,0,5,2,28,32,58,36,0,2,0,3,0,6,26,0,0,54,0,9,1,3,0,2,0,36,215,0,0,1,0,0,0,0,0,0,0,83,1,0,0,0,0,0,1,0,0,1,0,0,0,6,10,0,1,0,0,0,5,0,0,15,0,0,0,0,16,0,0,0,22,0,0,11,0,2,32,85,0,0,0,0,0,0,0,35,16,2,4,0,0,0,0,0,0
0x67ee94eec26657967a3ddb206909b983054fea1e,141,0,1,97,0,0,0,1,0,1,20,11,16,16,1,0,0,0,0,0,0,5,184,0,0,0,0,0,0,0,157,54,26,14,12,6,3,0,22,8,0,0,1,1,1,0,0,4,8,82,38,94,56,0,1,2,1,0,8,47,0,0,99,0,6,0,5,0,2,0,191,346,0,0,0,0,0,0,0,0,0,0,106,87,0,0,0,0,1,0,0,0,2,0,0,0,5,19,0,1,0,1,1,13,1,2,32,0,0,0,0,32,0,0,0,33,0,0,15,0,5,45,164,0,0,0,0,0,0,0,64,36,3,0,1,0,0,0,0,0
0xa9f2c8ef5eeb27dc7819cd1712f02e816db02056,177,0,0,98,0,0,0,1,0,0,16,9,9,14,2,1,0,0,0,0,0,17,216,2,2,0,0,0,1,0,182,73,35,24,14,1,0,3,18,4,0,0,1,1,0,0,0,13,21,91,62,123,66,0,1,0,4,0,17,74,2,0,114,0,17,0,4,1,6,0,209,399,0,0,0,0,0,0,1,0,0,0,119,68,0,1,0,0,0,0,0,0,1,36,0,0,28,20,10,1,1,0,0,12,1,2,38,0,0,0,0,23,0,0,1,24,0,0,13,0,233,59,219,0,0,0,0,0,0,0,111,39,2,0,0,0,1,0,0,0
0xe5b8a169a85c82f44c0d8ec3747a5c8f0f8cea18,12,0,0,0,0,0,0,0,0,0,2,2,0,2,1,0,0,0,0,0,1,0,21,0,0,0,0,0,0,0,14,4,2,1,1,0,0,0,1,0,0,0,0,0,0,0,0,0,7,3,2,8,6,0,1,1,0,0,3,7,1,0,10,0,0,0,0,0,2,1,21,40,0,0,0,1,0,0,0,0,0,0,10,0,0,0,0,0,0,0,0,0,0,0,0,0,1,1,1,1,1,0,0,2,0,0,4,0,1,0,0,2,0,2,0,2,0,0,2,0,2,5,14,1,0,0,0,0,0,0,9,2,0,1,0,0,0,0,2,0
0xaa2b1a311c88968b254f3e97b59dfbce10f38931,788,0,1,385,0,0,0,6,0,7,33,13,20,51,1,0,0,1,0,0,0,169,993,1,2,2,1,1,0,0,779,344,300,52,14,10,16,3,57,66,0,0,5,6,0,0,0,45,8,336,208,483,311,0,6,1,5,0,75,333,0,0,442,0,169,0,40,0,10,0,925,1729,0,0,0,0,0,0,0,0,0,0,663,133,0,0,0,0,0,0,0,0,9,43,0,0,29,66,0,1,0,0,0,48,5,14,80,0,0,0,0,61,0,0,0,186,0,0,31,0,6,310,968,0,0,0,1,0,0,0,444,142,11,3,2,1,0,0,0,0
0xa7d38fbd325a6467894a13eefd977afe558bc1f0,361,0,4,202,0,1,0,4,1,2,22,12,15,23,4,4,1,0,1,1,0,34,378,12,6,1,0,1,0,0,378,165,81,36,25,17,11,11,38,54,0,0,6,5,0,0,0,18,54,177,143,279,135,1,1,4,4,2,26,151,5,1,233,0,70,0,67,0,16,0,500,896,0,0,1,1,0,0,32,4,1,0,319,101,0,1,0,2,1,0,0,10,9,33,0,1,44,42,4,1,0,1,0,12,4,11,54,2,4,2,1,49,0,1,1,96,5,0,46,0,250,81,518,3,2,0,0,0,0,0,172,62,11,7,2,5,3,2,3,1
0x0017a04a2e182376235530d501bc3fbe7ca07a5b,563,0,5,363,0,1,0,23,0,2,22,11,27,31,2,0,0,0,0,0,1,76,550,17,6,4,2,2,2,2,570,140,101,42,13,14,32,21,52,93,1,0,23,24,0,0,0,10,26,362,115,335,222,0,8,0,0,0,52,194,2,0,341,0,101,1,41,0,28,0,579,1501,0,0,0,1,0,0,0,0,1,0,544,176,0,0,0,0,0,0,0,0,24,17,0,0,11,95,0,1,0,0,0,26,23,67,133,0,0,0,0,107,0,0,0,165,0,0,54,0,19,75,681,0,0,0,0,0,0,0,189,77,13,3,2,16,4,0,4,0
0x50a6e321a8c2fcccd7b5c13a26584bc80aeb0e51,149,0,1,95,0,0,0,1,0,1,18,1,11,13,2,1,1,0,0,0,0,16,155,0,0,0,0,0,0,0,147,67,34,14,13,6,3,0,14,7,0,0,2,1,0,0,0,7,7,77,44,105,53,1,1,2,1,0,9,53,0,0,98,0,14,0,5,3,2,0,168,373,0,0,0,0,0,0,1,0,0,0,99,67,0,0,0,0,0,0,0,1,2,19,0,0,3,16,0,1,0,0,0,12,0,0,23,0,0,0,0,32,0,0,0,35,0,0,16,0,191,43,180,0,1,0,0,0,0,0,80,20,3,0,1,0,0,0,0,1
0x5C7F8e605dC7B276a501A27EBc1de756c206c333,51,0,0,60,0,1,0,2,0,0,13,9,6,1,6,0,0,0,0,0,1,0,135,0,0,0,0,0,0,0,91,32,12,9,10,5,3,0,17,0,0,0,7,7,0,0,0,1,5,47,49,104,64,0,0,0,3,0,16,53,0,0,56,0,0,0,7,0,4,0,95,383,0,0,0,0,0,0,0,0,0,1,131,0,1,0,0,1,0,0,1,0,0,8,0,0,6,27,1,0,0,1,0,4,7,21,47,0,0,0,0,7,59,1,0,17,1,0,7,5,1,75,73,0,0,0,0,1,0,0,33,14,9,3,0,0,1,0,0,0
0xb9990387d85f0f11381b635c69c35e411e173121,38,0,2,39,0,0,0,12,0,0,1,1,2,4,1,0,0,0,0,0,0,2,112,0,0,0,0,0,0,0,63,42,30,6,8,12,7,12,1,0,0,0,8,8,0,0,0,2,9,62,4,41,38,0,0,3,0,0,12,38,0,0,39,0,6,0,2,0,13,1,97,232,0,0,0,0,0,0,0,0,0,0,50,7,0,0,0,0,0,0,0,0,1,1,0,0,3,17,0,1,0,0,0,1,14,36,34,0,1,1,0,7,25,1,0,39,0,0,13,2,3,27,113,0,0,0,0,0,0,0,31,37,24,1,2,0,0,0,3,0
0x107265d07aa7f88b2fc228fd1ca3305e2a57ca6b,23,0,0,54,0,0,0,5,0,0,13,1,18,21,1,0,0,0,0,0,0,11,121,0,0,1,0,0,0,0,92,48,31,11,10,5,4,5,25,27,0,0,2,1,0,0,0,10,13,65,54,109,70,0,1,0,3,0,5,29,1,0,76,0,3,0,5,0,2,0,78,293,0,0,0,0,0,0,0,0,0,0,140,2,0,1,0,0,1,0,0,0,1,7,0,0,7,32,0,2,0,4,1,6,5,11,33,0,0,0,0,28,0,0,0,32,0,0,17,0,3,38,135,0,0,0,0,0,0,0,41,23,14,6,0,0,0,0,0,0
0x4f0e0ed4ee48f253ac92490ce851712fcf053841,189,0,50,1,0,0,0,22,0,2,29,2,13,11,10,1,1,0,0,0,0,43,484,0,0,0,0,0,0,0,187,165,66,26,1,0,0,0,53,0,0,0,37,37,1,1,7,11,30,163,45,432,368,1,0,2,0,0,123,458,1,1,403,1,65,0,0,1,27,0,310,1052,1,0,1,0,0,1,2,0,0,0,1204,0,4,0,0,0,0,0,0,0,0,15,0,1,10,60,4,0,1,6,0,6,0,0,301,2,0,0,4,37,0,0,0,78,7,0,16,16,74,26,176,0,0,0,0,0,1,0,4,0,1,0,1,0,0,0,0,38
0xb68A6191CcBC0e4bf74af1635Aa7B2Ab7C09f0dF,74,0,1,55,0,1,0,4,0,0,7,4,5,2,2,0,0,0,0,0,1,12,126,1,2,0,0,0,0,0,99,25,33,6,8,6,6,2,8,16,0,0,4,4,0,0,0,2,12,46,31,72,41,0,0,1,3,0,11,48,1,0,52,0,16,0,8,1,7,0,152,227,0,0,0,0,0,0,0,1,0,0,98,50,0,0,0,1,0,0,1,0,0,0,0,0,13,14,0,0,0,1,0,4,4,12,23,0,0,0,0,1,5,3,0,18,0,0,10,0,3,32,116,0,0,0,0,0,0,0,36,18,3,1,2,0,0,0,1,0
0xf9bd51d756a3caf52348f2901b7eff9bd03398e7,99,0,13,77,1,0,0,3,1,1,27,12,21,32,7,0,0,0,3,0,0,15,238,0,3,0,0,0,0,0,167,68,57,27,20,13,6,4,40,2,0,0,1,2,0,0,0,19,28,91,101,191,126,0,0,1,10,0,20,62,0,0,128,0,11,0,9,4,5,0,126,550,1,0,0,0,0,0,0,0,0,0,245,0,0,0,0,0,1,0,0,0,0,16,0,0,7,53,2,1,0,0,0,8,2,4,59,0,0,0,0,38,45,1,0,83,0,0,39,1,1,80,227,1,0,1,0,0,0,0,96,58,32,17,10,2,1,0,0,0
0x56505a0313ba2b4bc0be23dbb7eb71b7885fca9e,104,0,1,38,0,0,0,3,0,5,8,4,3,16,5,1,0,0,0,0,0,12,180,0,0,0,0,0,0,0,105,59,40,28,2,7,1,4,9,13,0,0,4,4,0,1,0,16,17,55,28,81,54,0,0,1,2,0,12,56,0,1,50,0,13,0,8,0,5,1,185,255,0,0,0,0,0,1,2,0,2,0,104,27,1,0,0,0,1,0,1,0,0,0,0,0,7,19,8,3,0,0,2,8,6,15,39,0,1,0,0,3,4,1,1,20,0,0,6,3,70,34,123,0,0,0,0,0,0,0,64,30,8,2,0,1,0,0,0,0
0x497559ddecd57028990d6df58eff962b493829d8,306,0,23,141,2,0,0,3,0,2,38,18,20,36,27,0,0,0,2,0,0,19,420,0,1,0,1,1,0,0,334,204,125,49,35,5,8,3,52,9,0,0,1,2,5,10,0,36,27,117,181,327,206,0,2,0,8,0,56,157,0,1,275,0,25,0,26,7,20,7,275,1168,2,0,1,1,2,4,5,2,0,5,407,1,6,3,1,1,0,1,2,0,0,137,0,0,34,70,10,4,10,8,3,6,2,5,97,0,0,0,1,68,137,13,0,103,0,0,59,0,1,178,376,0,0,0,0,0,0,0,254,57,32,22,4,0,1,0,7,0
0x6c9289195dba4ac4bafd16c7b59c0ba0756c6530,447,0,9,546,2,0,0,24,0,0,20,14,47,32,1,0,0,0,0,0,0,121,521,1,1,1,1,1,0,0,458,142,89,38,13,13,39,5,50,148,0,0,23,23,1,0,0,29,28,299,99,297,209,0,1,0,0,0,50,154,11,0,244,0,149,0,36,0,34,0,623,1340,0,0,0,0,0,0,0,0,0,0,558,274,0,0,0,0,0,0,0,0,24,49,0,0,0,176,0,1,0,0,0,30,24,71,117,0,0,0,0,72,0,0,0,184,0,0,44,0,4,75,758,0,0,0,0,0,0,0,176,82,23,3,19,3,0,0,25,0
0xb5fae29e3bfffc0bc489cf3745f948f4336b06cd,764,0,1,667,0,0,0,19,0,4,55,29,17,39,3,2,0,0,1,0,0,82,566,21,9,7,1,1,0,0,790,112,96,39,58,70,61,34,74,103,0,0,16,16,0,0,0,22,47,371,227,445,237,0,6,0,0,0,74,189,1,0,543,1,117,0,24,0,24,0,692,2074,0,0,0,0,0,0,0,1,0,0,664,254,0,0,0,0,0,0,0,0,17,2,0,0,5,405,0,1,8,20,0,26,19,54,96,0,0,0,0,235,0,0,0,217,0,0,53,1,11,82,939,0,0,0,0,0,0,0,208,117,25,2,0,0,0,1,4,0
0xf40f6e38703cf25a8eb05f3fb0cd4ee9d7808190,198,0,6,105,1,0,0,12,0,5,32,11,19,20,2,0,0,0,0,0,0,16,313,4,6,1,0,5,0,0,199,91,107,42,25,8,12,11,38,8,0,1,10,13,3,1,0,26,10,142,81,211,157,0,0,1,0,0,33,117,0,0,127,1,16,0,21,3,17,4,270,759,0,0,1,0,0,0,1,0,0,0,271,3,0,1,0,0,0,0,0,0,0,10,0,0,8,51,0,0,0,0,0,5,14,39,104,0,0,0,0,12,84,1,0,50,0,0,14,4,1,110,226,0,0,0,0,0,0,0,131,53,33,12,9,1,3,0,1,0
0x201c3af8c471e5842428b74d1e7c0249adda2a92,752,1,1,267,8,0,3,1,0,13,70,29,12,2,28,4,0,0,0,0,1,58,840,0,0,0,0,1,0,0,695,345,258,112,32,13,5,2,67,49,0,0,3,2,3,7,0,88,29,229,228,484,273,0,3,3,4,4,82,277,1,1,425,5,89,0,53,4,33,6,844,1608,6,0,0,2,1,10,5,1,0,4,580,157,7,0,0,3,0,1,3,8,0,69,0,4,78,62,37,8,3,0,1,22,2,6,128,0,0,0,0,91,20,11,0,96,0,0,34,1,240,245,797,0,0,0,0,0,0,0,407,119,29,4,2,0,0,0,0,0
0xF57960f6b5363b9f4091eAB7d0cF1CdA35CCAF70,637,0,14,340,1,2,0,45,0,13,77,31,31,47,66,0,0,0,2,0,2,35,1130,18,14,9,2,2,2,1,743,333,320,125,82,99,71,50,73,10,0,1,83,79,2,1,0,71,64,570,214,662,504,0,9,0,0,0,112,560,1,0,475,1,81,0,37,2,36,3,888,2672,0,0,3,0,0,0,1,0,1,0,869,11,0,1,0,0,0,0,0,0,0,56,1,0,14,219,0,1,0,4,1,8,84,218,369,0,0,0,0,39,309,1,1,127,0,0,35,42,14,341,613,1,2,0,0,0,0,0,403,204,79,34,36,10,3,3,1,0
0x53a480be4e7fe5ce95a2b123f1da7a84bd4bfc53,63,1,2,28,2,0,0,6,0,0,9,1,7,9,2,0,0,1,0,1,0,4,83,0,0,0,0,0,0,0,55,43,9,9,4,3,5,4,7,26,0,0,4,4,0,0,0,4,25,55,14,51,42,0,3,0,0,0,5,48,0,0,61,0,14,0,6,0,4,1,54,244,0,1,0,0,0,0,0,0,0,0,60,0,3,5,0,0,0,0,0,0,1,9,0,0,17,12,0,1,0,4,0,3,6,16,32,0,0,0,0,2,0,0,0,12,0,0,4,0,16,34,102,0,0,0,0,1,0,1,17,16,8,0,0,0,0,0,0,0
0xeca1f2b5cd3519242797a6fc3a4aebdcc8f71907,432,0,1,290,0,0,0,20,0,4,25,11,15,22,7,0,1,1,0,0,1,87,547,4,4,2,0,0,0,0,424,161,154,31,15,10,22,6,40,104,0,0,20,20,1,0,0,28,6,273,106,276,177,0,2,5,1,3,41,205,0,0,200,0,76,0,39,0,37,0,565,1143,1,1,0,0,0,2,1,0,0,2,393,202,0,0,0,0,1,1,0,1,0,33,0,0,28,73,8,2,1,0,0,12,22,63,129,0,0,0,0,22,24,5,0,129,0,0,48,2,8,102,627,0,0,1,0,0,0,0,174,80,10,1,1,0,0,0,3,0
0xfc91478844e9509e74d7234a19f81604e4269e00,164,0,0,141,0,0,0,0,0,0,16,9,22,14,2,1,0,0,0,0,0,15,177,0,0,0,0,0,0,0,159,63,32,8,9,7,3,1,17,9,0,0,0,0,0,0,0,9,12,75,50,99,52,0,2,0,6,0,7,55,1,0,109,1,18,0,6,0,4,0,166,391,0,0,1,0,0,0,0,0,0,1,110,111,0,0,0,0,0,0,0,0,1,19,0,0,6,21,0,1,0,0,0,14,1,0,22,0,0,0,0,41,0,1,0,31,1,0,18,0,232,43,223,0,0,0,0,0,0,0,92,34,1,0,0,0,0,0,2,0
0x0c24c236f169e7c832909d1c226a5cd20e858322,72,0,0,33,0,0,0,0,0,0,4,3,0,2,2,2,0,0,0,0,0,12,98,0,0,0,2,0,1,1,72,53,31,6,4,3,0,1,5,10,0,1,1,1,0,0,0,15,52,33,32,70,41,0,0,2,0,0,14,37,0,0,30,0,15,0,6,0,5,1,102,168,0,1,0,0,1,0,0,0,1,1,91,20,0,0,0,0,0,0,0,0,0,0,0,0,0,7,5,1,1,0,0,6,1,3,15,0,2,0,0,10,2,1,0,18,0,0,8,2,182,21,112,0,0,0,1,0,0,2,42,16,3,1,0,0,1,1,0,0
0xde201daec04ba73166d9917fdf08e1728e270f06,548,0,1,307,0,0,0,3,0,1,49,37,38,60,4,0,0,0,0,1,1,65,825,5,4,1,1,5,2,3,661,197,73,38,22,29,5,10,87,76,0,0,11,10,0,0,0,25,29,301,175,443,284,0,2,3,8,0,65,269,2,1,403,0,50,0,18,3,15,1,777,1635,0,0,1,0,0,0,2,0,0,0,561,238,0,1,0,0,0,0,0,0,0,10,0,0,69,115,3,1,2,8,1,55,13,36,180,0,1,0,0,85,11,2,1,152,0,0,71,10,6,190,800,0,0,1,0,0,0,0,344,89,9,0,4,0,0,0,7,0
0x9bdf81e6066d32764b7e75a1b5577237e06d9364,717,0,11,111,0,0,0,3,0,0,5,3,17,9,1,0,0,0,0,0,0,42,216,10,10,5,14,3,5,2,491,254,74,50,31,17,26,17,39,2,0,0,0,0,0,0,0,60,41,170,130,287,192,0,0,3,3,0,34,389,0,0,421,0,46,0,10,0,7,0,149,1164,0,0,0,0,0,0,0,0,1,0,723,0,1,0,0,0,0,0,0,0,0,31,0,0,5,47,1,1,8,2,2,5,3,6,26,1,0,0,0,66,51,3,0,205,1,0,129,0,1,112,425,5,7,2,20,3,0,1,149,30,19,21,7,7,12,7,11,0
0x9e78c6e0410cc33a0864d0ac6c9ff7dabaf709cb,148,1,4,0,1,1,0,4,0,4,159,3,67,34,12,0,0,0,0,0,0,52,497,0,0,0,0,0,0,0,149,261,61,26,8,1,0,0,76,6,0,0,3,4,1,0,6,18,21,203,27,307,277,1,0,0,24,0,111,296,4,0,528,0,34,0,1,0,32,1,446,1705,0,0,0,0,0,0,3,0,0,0,746,1,4,0,0,0,0,0,0,0,0,3,0,0,41,51,0,1,1,0,0,40,0,0,221,1,0,1,0,191,0,0,0,173,1,0,92,0,392,56,276,0,0,0,1,0,0,0,0,0,0,0,0,0,0,0,5,5
0x9d8d7c8d9b7b8a1c728aa64275f6457f65f875e6,173,0,1,126,0,0,0,2,0,1,26,13,14,21,1,0,0,0,0,0,0,24,250,0,0,0,0,0,0,0,174,64,49,11,11,6,2,0,25,18,0,0,2,3,0,0,0,6,3,86,60,130,73,0,1,0,6,0,9,75,0,0,103,0,23,0,9,0,6,0,230,424,1,0,0,0,0,0,0,0,0,0,149,101,0,0,1,0,0,0,0,0,3,17,0,0,8,25,0,1,0,0,0,19,2,6,34,0,0,0,0,25,0,0,0,36,0,0,18,0,4,59,260,0,0,0,0,0,0,0,108,45,3,0,1,0,1,0,0,0
0x79Ef5b79dC1E6B99fA9d896779E94aE659B494F2,274,0,4,143,0,0,0,0,0,2,26,15,4,2,18,0,0,0,0,0,0,13,307,2,1,1,0,0,0,0,265,117,59,28,11,1,1,0,28,10,0,0,0,0,3,4,0,12,5,92,135,208,79,0,0,3,5,0,25,114,0,0,185,0,21,0,9,3,9,3,290,646,1,0,0,0,0,1,3,0,0,5,260,103,2,2,1,0,0,0,3,0,0,41,0,0,36,36,4,3,3,0,0,16,0,0,39,0,0,0,0,42,7,8,0,31,0,0,17,0,4,94,304,0,0,0,0,0,0,1,183,54,3,0,0,0,0,0,0,0
0x000000000092c287eb63e8c2c30b4a74787054f8,47,0,1,26,0,0,0,0,0,3,7,7,6,4,8,1,0,0,0,3,0,1,76,0,0,0,0,0,0,0,45,34,23,11,4,1,1,0,15,1,1,0,2,3,0,0,0,8,19,26,50,80,38,0,1,1,0,0,8,38,0,0,28,0,4,0,4,1,4,0,65,203,0,0,0,0,0,1,5,2,0,2,121,2,0,0,0,0,0,1,0,0,0,3,0,1,11,6,6,2,3,0,0,4,3,11,21,0,0,0,0,6,27,4,0,2,0,0,4,0,74,41,43,0,2,0,0,1,0,0,31,8,3,2,0,1,0,0,0,0
0xa00a4d5786a6E955e9539d01D78Bf68f3271C050,448,0,7,270,1,0,0,1,0,5,42,24,10,4,24,1,0,1,0,0,0,28,550,2,1,1,0,0,0,0,468,198,126,54,13,6,2,0,61,48,0,1,1,2,5,5,1,28,26,161,223,378,162,1,7,7,9,0,48,241,0,1,310,1,53,0,25,5,25,6,556,1155,0,0,0,0,0,2,6,0,0,4,492,217,3,1,0,1,0,0,4,2,0,37,0,0,79,74,13,4,3,0,0,29,3,9,91,1,1,1,0,55,15,13,0,65,0,0,29,1,16,161,545,1,0,0,0,0,0,0,296,91,8,0,0,0,0,0,1,0
0x0f1b2a4b049e69e651d9651072a5d6e44a030ae4,498,0,1,165,1,0,0,14,0,0,30,30,73,70,49,0,0,0,1,0,0,0,608,91,34,33,10,0,0,1,650,308,123,71,81,50,82,48,82,0,0,0,0,0,1,0,0,29,22,204,182,348,248,0,0,13,14,0,42,370,0,0,703,1,15,0,31,0,53,0,224,1802,0,1,0,0,0,13,0,0,0,1,500,8,2,0,0,2,0,0,1,0,0,53,0,0,3,84,0,1,3,11,0,5,0,0,133,1,0,0,0,144,157,1,0,309,0,1,211,0,10,193,761,0,0,0,0,1,0,0,223,123,104,66,6,3,4,5,27,0
0xa59d5E94BFE605A9a4aC7e02f5380e02061c8dd2,177,0,4,103,2,0,0,8,0,2,7,21,15,79,2,0,0,0,0,0,0,5,515,13,3,5,1,8,2,0,214,147,76,47,56,47,22,29,98,1,0,0,20,20,0,2,0,46,24,215,425,619,308,0,0,1,0,0,15,97,0,0,87,0,9,0,20,1,16,0,451,730,0,1,5,0,0,2,5,0,0,0,891,97,0,0,0,0,2,0,0,2,0,21,0,0,26,134,3,3,0,7,0,2,22,61,167,0,0,0,0,7,9,1,0,68,19,0,22,14,13,47,226,0,0,0,0,0,0,0,112,64,36,10,10,2,1,0,0,0
0x200e6fb8febf5355596ccdefe1247e92382cfcfb,23,0,0,11,0,1,0,0,0,0,6,3,0,2,2,1,0,0,0,0,0,1,42,0,2,0,0,0,0,0,32,17,12,7,10,7,1,0,5,0,0,0,1,1,0,1,0,4,19,13,49,66,18,0,0,0,1,1,1,11,0,0,15,0,1,0,3,0,1,0,54,96,0,1,0,1,0,0,0,0,0,0,89,0,0,0,0,0,0,0,0,0,0,3,0,0,2,3,2,1,1,3,0,1,1,3,16,0,1,0,0,1,10,1,0,2,5,2,1,1,15,11,20,0,0,0,0,0,0,0,16,17,4,1,1,0,0,0,0,0
0xafa51e81b231947b70effb723c887b157a8e7c3b,301,0,0,337,0,0,0,0,0,2,44,1,44,47,1,0,0,0,0,0,0,92,438,0,1,0,0,0,0,0,360,109,56,24,16,6,0,0,85,105,0,0,0,0,0,1,0,16,16,394,126,319,197,0,1,2,3,0,25,104,0,0,229,0,63,0,29,0,27,0,361,1107,0,0,0,0,0,0,0,0,1,0,423,245,0,0,0,0,0,0,0,0,1,23,0,0,7,47,0,1,0,0,0,37,0,0,78,0,0,0,0,92,0,0,0,171,0,0,49,0,12,67,652,0,0,0,0,0,0,0,198,25,3,0,0,0,0,0,6,0
0xfa0454af6544d9f2cf9551e8948b0a6c0341cf46,242,0,0,238,0,0,0,0,0,0,19,12,42,2,1,0,0,0,0,0,0,23,225,1,1,1,0,0,0,0,274,64,37,17,11,10,6,2,31,19,0,0,0,0,0,0,0,18,8,91,92,171,85,0,0,1,9,0,27,70,0,0,185,0,19,0,8,0,8,1,242,678,0,0,0,0,0,0,0,0,0,0,196,205,0,0,0,0,0,0,0,0,0,30,1,0,11,33,0,2,0,0,0,19,0,0,29,0,1,0,0,70,3,4,0,68,0,0,31,0,4,55,340,0,0,0,0,0,0,0,120,37,2,6,2,0,0,0,3,0
0x2f9bb3c619b0f1042d358da5e5755bcbc148ec40,57,0,1,43,1,1,0,0,1,2,8,8,3,19,3,2,0,2,1,3,0,4,134,0,0,1,0,0,0,1,65,48,33,14,9,6,0,1,25,4,0,1,0,3,0,1,1,10,53,43,56,109,72,0,0,3,0,1,12,38,1,0,33,1,4,1,11,1,8,0,97,270,0,0,3,1,0,1,0,0,0,1,134,1,1,0,0,0,0,0,0,0,1,0,1,0,3,24,5,0,2,1,0,7,3,11,37,1,1,1,1,4,33,2,0,29,1,0,4,0,177,53,68,0,0,2,1,0,0,0,45,18,3,2,4,0,0,0,0,0
0x0cb6f0a13f25afb4adef19736a7eb338dc52333e,304,0,1,48,0,1,0,5,0,1,24,6,4,2,3,2,0,0,1,0,0,6,162,16,9,0,0,0,0,0,212,235,147,82,58,46,25,16,24,8,0,0,8,7,0,0,0,20,15,68,378,466,89,0,0,1,1,0,14,109,0,0,108,0,15,0,8,0,3,0,606,613,0,1,0,0,0,0,0,0,0,0,564,33,0,0,1,0,0,0,0,0,0,21,0,0,21,21,1,2,0,14,0,7,7,16,65,1,1,0,0,5,11,2,0,8,16,0,2,2,16,58,257,3,0,0,0,0,0,0,177,73,24,13,13,1,3,0,1,0
0x14198b67f75B6317f7a0a819168E70992c6a48C4,181,0,1,130,0,1,0,4,0,0,11,6,7,10,2,0,0,1,0,0,2,17,179,3,1,2,1,0,0,1,212,61,42,10,12,5,9,2,12,35,0,0,5,5,0,0,0,1,34,47,38,106,69,0,0,2,4,0,33,69,1,0,101,0,63,0,20,1,20,1,227,567,0,0,0,0,0,0,0,0,0,0,149,51,0,0,0,1,0,0,1,0,0,1,0,0,16,18,4,0,0,1,0,6,4,12,33,0,1,0,0,23,5,3,0,72,0,0,38,0,7,37,238,0,1,0,0,0,0,0,61,33,8,0,10,1,1,0,1,0
0x0a49f544a98b775c2ef10a65d71d083706afa58f,506,1,34,211,0,0,0,2,0,0,37,28,50,5,32,2,2,1,0,8,2,12,487,14,7,5,6,5,2,1,506,307,104,31,19,27,16,9,120,4,0,0,10,10,1,1,0,44,60,164,246,430,276,0,25,9,3,2,53,325,1,1,521,1,3,0,22,0,25,2,236,1834,4,1,0,1,5,4,4,3,1,5,431,12,6,5,2,4,6,0,1,1,0,298,0,0,62,132,3,3,1,3,3,10,11,31,136,0,3,0,0,43,213,2,2,236,0,0,65,2,28,283,687,4,4,4,0,0,0,0,225,98,28,12,12,2,10,5,9,0
